<?xml version="1.0" encoding="UTF-8"?>
<project-private xmlns="http://www.netbeans.org/ns/project-private/1">
    <editor-bookmarks xmlns="http://www.netbeans.org/ns/editor-bookmarks/2" lastBookmarkId="1">
        <file>
            <url>src/vista/Inicio.java</url>
            <bookmark id="1">
                <name/>
                <line>0</line>
                <key/>
            </bookmark>
        </file>
    </editor-bookmarks>
    <open-files xmlns="http://www.netbeans.org/ns/projectui-open-files/2">
        <group>
            <file>file:/C:/Users/Lenovo/Documents/DB%20PROYECTS2/Examen%20interciclo/PBaseDatosFinal/src/vista/Ventana_Anular.java</file>
            <file>file:/C:/Users/Lenovo/Documents/DB%20PROYECTS2/Examen%20interciclo/PBaseDatosFinal/src/modelo/CabeceraFactura.java</file>
            <file>file:/C:/Users/Lenovo/Documents/DB%20PROYECTS2/Examen%20interciclo/PBaseDatosFinal/src/dao/CitaDao.java</file>
            <file>file:/C:/Users/Lenovo/Documents/DB%20PROYECTS2/Examen%20interciclo/PBaseDatosFinal/src/controlador/ControladorCabeceraFactura.java</file>
            <file>file:/C:/Users/Lenovo/Documents/DB%20PROYECTS2/Examen%20interciclo/PBaseDatosFinal/src/dao/CabeceraFacturaDao.java</file>
        </group>
    </open-files>
</project-private>
